text,vrai_nom,nom_predit
Could you provide detailed information on Xero integration for project management SaaS? We appreciate your support in this matter and look forward to your response soon.,Billing and Payments,Support
"I am reaching out to the customer support team to inquire about optimizing investment strategies using Alteryx data analytics solutions. I would appreciate it if you could provide detailed information on how Alteryx can help make informed investment decisions. Specifically, I am interested in learning about the types of data that are analyzed, the types of insights gained, and the potential return on investment. I would also appreciate any resources or information you can provide on this topic.",Support,Billing and Payments
"Dear Customer Support, I am reaching out to inquire about the enhanced security measures implemented for managing medical data across our critical products and tools in healthcare operations. It is of utmost importance to protect sensitive patient information and ensure compliance with regulatory requirements. I would greatly appreciate it if you could provide information on the current security protocols in place and any future enhancements planned. Thank you for your time and assistance in this matter. I look forward to hearing from you soon.",Support,Billing and Payments
Problems with data integration have been noted,Billing and Payments,Support
"Found unauthorized access attempts on medical data systems. Could have happened due to outdated security protocols. So far, we've reviewed the updated antivirus software and checked user permissions. Worried about a potential breach of sensitive information and need help with a thorough investigation and implementing further security measures to prevent future incidents.",Billing and Payments,Support
I am in search of data analytics tools to improve my investment strategies. Could you suggest some options? I would like to learn about the top tools for data analysis and investment optimization.,Support,Billing and Payments
"Dear Customer Support, I am contacting you to seek information on analytics tools that are compatible with Python 3.9 for the purpose of investment optimization. I am currently engaged in a project focusing on data analysis and visualization, and I am in search of the best tools to meet my objectives. Your recommendations or suggestions would be greatly appreciated. Specifically, I am interested in tools that can manage large datasets, deliver real-time insights, and offer customizable visualizations. Having investigated several popular options, I would value your expert insights to aid in my decision-making process. Please inform me if you have any recommendations or resources that could assist me. Thank you for your time and support. I look forward to your response. Best regards, [Your Name]",Billing and Payments,Support
"I am contacting you to learn about the integrations available between Zoho Books and data analytics tools. Could you provide me with a list of all the integrations and specify which can assist with understanding my business's financial performance? Please also inform me about the setup procedures and any extra charges related to these connections. Furthermore, if any instructional materials or manuals are available to assist me in setting them up, could you share that information? I look forward to your response and appreciate your support. I am eager to explore the benefits of integrating Zoho Books with data analytics tools.",Support,Billing and Payments
Please provide comprehensive information on securing medical data in hospital systems using Debian 10 Buster.,Billing and Payments,Support
Help,Billing and Payments,Support
"Hello Customer Support, I am reaching out to inquire about data analytics tools that can optimize investment strategies. Could you provide insight into the tools that could help me make more informed investment decisions? I am particularly interested in learning about the data visualization capabilities that can be used to identify trends and patterns in the market. Additionally, I would like to know more about the predictive analytics features that can be used to forecast future market movements. I would appreciate it if you could provide me with more information on this matter, including any case studies or whitepapers. Please let me know how I can obtain this information.",Support,Billing and Payments
Our healthcare provider is facing security breaches in medical data management due to misconfigured network settings and vulnerabilities in connected devices.,Billing and Payments,Support
"To Customer Support: I am contacting you to address an issue with my access to medical records, which has been affected by a technical malfunction. Following incompatible hardware upgrades, the system experienced a crash. I have attempted to resolve it by restarting the KVM-Switch and reviewing the latest updates in the GitHub repository, but the problem remains unresolved. Kindly examine this issue and supply a resolution at your earliest convenience.",Support,Billing and Payments
"A data breach affecting patient records was identified during a routine audit. It may have occurred due to outdated security protocols. Despite updating the software, the issue continues. Please investigate and resolve the problem.",Support,Billing and Payments
"Hello Customer Support, I am writing to request information about the integrations between Codecademy and investment analytics tools. As a Codecademy user, I am keen to explore options for integrating the platform with various investment analytics tools to deepen my knowledge and skills. I am particularly interested in integrations that offer real-time data, interactive visualizations, and practical exercises for investment analytics concepts. I believe such integrations would be highly beneficial for enhancing my understanding and application of investment analytics. Could you please inform me about the current integrations available and guide me on how to access and use them? I would greatly appreciate any assistance you can provide. I look forward to your response. Thank you for your time and support.",Billing and Payments,Support
"A security breach in medical data occurred during a routine software update. It may have happened due to outdated security protocols. So far, we have patched the critical systems and reviewed access logs for any anomalies. Immediate action is necessary to prevent further breaches.",Billing and Payments,Support
I am interested in using Sony Vegas Pro 18 for healthcare purposes. Could you provide details on the security features that ensure medical data is protected and compliant with regulations? It is crucial to safeguard sensitive patient information. Please provide information on the security features and protocols available in Sony Vegas Pro 18 to protect sensitive medical information.,Support,Billing and Payments
Could you provide detailed information on the Xero integration for project management SaaS? Your support is greatly appreciated. We look forward to hearing back soon.,Billing and Payments,Support
"Customer Support, I am inquiring about digital strategies that can drive brand growth. Could you provide more details on the methods used to increase brand awareness and engagement? I am particularly interested in learning about social media marketing efforts to measure their effectiveness. Additionally, I would appreciate information on content marketing strategies to optimize our website for search engines. Thank you for your time and assistance. I look forward to hearing back soon. Please let me know.",Support,Billing and Payments
Encryption has stopped working unexpectedly. It could be due to a recent Linux Mint update that may be incompatible. I have already updated Airtable and reviewed the settings on Discord and Signal.,Billing and Payments,Support
"Dear Customer Support, It is with concern that I report a significant failure in our medical data encryption software. The encryption process has suddenly malfunctioned, and we are unable to identify the root cause. We suspect that the issue might be due to outdated software or incorrect configuration. Steps taken thus far include restarting the systems and reviewing system logs for errors, but the problem remains unresolved. Additionally, we have tried reaching out to your support team without success. This failure has severe implications for the protection and privacy of our medical data. We are apprehensive that it might compromise the security of our systems and put sensitive information at risk. We urgently request your assistance in addressing this matter and resolving the issue swiftly. Please advise if there is any additional information needed from our side to tackle this situation. We appreciate your swift action and look forward to your response. Thank you for your attention to this critical issue. Sincerely, [Your Name]",Billing and Payments,Support
"Detailed issue summary: The medical records became unavailable due to an unforeseen event. Possible reasons: A potential glitch from a recent software update or a configuration error. Efforts made: Systems were restarted, permissions were reviewed, and encryption settings were confirmed.",Support,Billing and Payments
Could you specify the security strategies that protect medical data on WooCommerce and Drupal platforms?,Billing and Payments,Support
"Dear Customer Support, I am writing to request advice on securing medical data during the integration with TYPO3 and SAP ERP. Given the critical nature of medical data security, I aim to ensure that our integration is in full compliance with all pertinent regulations. I would greatly appreciate any guidance or best practices you can offer regarding this matter. Especially, I am interested in learning about the encryption techniques utilized by TYPO3 and SAP ERP, as well as any extra security steps that can be taken to safeguard sensitive medical information. Furthermore, I would like to know about potential vulnerabilities or risks associated with this integration and how to minimize them. Additionally, I would like to learn if there are any specific configuration settings or patches that need to be applied to secure the integrated system. I am eagerly awaiting your response and would be very grateful for your insights on securing our medical data through the TYPO3 and SAP ERP integration. Thank you for your attention and assistance. I am confident that with your guidance, we can uphold the security and integrity of our medical data. Best regards, [Your Name]",Support,Billing and Payments
"Hello Customer Support, I am writing to request information on digital strategies that can optimize brand growth with the Netgear Nighthawk Mesh Wi-Fi 6 System. I am keen to understand how this system can bolster my brand's online visibility and overall growth. Particularly, I am interested in the system's features and how they can be harnessed to bolster my brand's digital marketing initiatives. Could you kindly furnish me with some details or recommend resources on this subject? I would greatly value any advice or support you can offer. Thank you for your time and assistance.",Support,Billing and Payments
Guarantee the safety of patient information,Support,Billing and Payments
"Hello Customer Support, I am writing to seek information about the integrations available between Codecademy and investment analytics tools. As a Codecademy user, I am keen to explore how these integrations could enhance my learning experience. I am particularly interested in integrations that offer real-time data, interactive visualizations, and hands-on practice with investment analytics concepts. I believe these integrations would greatly benefit users like me who are seeking to develop practical skills in investment analytics. Could you please inform me about the available integrations and provide guidance on how to access and utilize them? Thank you for your assistance and I look forward to your response.",Billing and Payments,Support
How can best practices for securing medical data be implemented using TensorFlow and Google Cloud?,Billing and Payments,Support
I am in search of data analytics tools to improve my investment strategies. Could you suggest some options? I would appreciate recommendations on the most effective tools for data analysis and investment optimization.,Support,Billing and Payments
"Seeking information on integrating IBM SPSS Statistics with existing data analytics tools. Would be grateful for insights on the topic, particularly on the capabilities, limitations, and the types of data that can be shared. Specifically, interested in understanding the benefits that such integration can bring to an organization. Any guidance or resources provided would be greatly appreciated.",Support,Billing and Payments
Which security measures are advised?,Support,Billing and Payments
"It is imperative to address the need for stronger encryption methods for the storage and transmission of medical data on our products and systems. This is a crucial concern that demands immediate action to safeguard the security and privacy of sensitive medical information. The current encryption standards might not be adequate to counter potential cyber threats, and it is vital to adopt more stringent and dependable encryption methods. Kindly review the necessity for enhanced security measures and provide appropriate solutions. I would be grateful if you could investigate this matter promptly and supply me with any necessary details or clarifications. I anticipate your prompt response and look forward to your update on the actions to be taken to improve the security of our medical data.",Billing and Payments,Support
"Hello customer support, I am seeking advice on the best security measures to protect medical data in hospital IT systems. How can we ensure that sensitive patient information remains confidential and secure? I would greatly appreciate any information or resources you could offer on this topic. Thank you for your attention and help.",Support,Billing and Payments
"Dear Customer Support Team, I am writing to request advice on optimizing the integration between Notion and H2O.ai for my workflow and machine learning tasks. Currently, I use Notion for organization and H2O.ai for machine learning, but I encounter challenges when combining these tools. Could you offer guidance on how to optimize this integration? Specifically, I am interested in strategies to reduce latency, improve data synchronization, and enhance team collaboration. I found some information online, but I would greatly appreciate your team's direct insight. Thank you for your time and assistance. I look forward to your response. Best regards, [Your Name]",Billing and Payments,Support
"I am looking to inquire about integrating IBM SPSS Statistics 28 with our current investment data analytics tools. Could you provide more details on the process? We are particularly interested in learning how to seamlessly combine these tools to enhance our data analysis capabilities. Specifically, we would like to know about any compatibility issues, required software updates, and the potential benefits of the integration. Your guidance on this matter would be greatly appreciated.",Billing and Payments,Support
"I hope this message finds you well. I am seeking information on analytics tools that can be integrated with QuickBooks for the purpose of investment optimization. My goal is to enhance my financial management and make informed decisions based on data. Could you kindly provide a list of compatible tools along with their features? Additionally, I would greatly appreciate any advice on how to select the most suitable tool for my business. Furthermore, I am interested in knowing the specific system requirements and the setup procedures involved. Thank you for your assistance and I look forward to your response.",Billing and Payments,Support
Sensitive medical records were compromised because of outdated SAP ERP security patches.,Billing and Payments,Support
"Request improvements to data security protocols for efficient management of medical data across impacted software services. It is crucial to ensure the confidentiality, integrity, and availability of sensitive medical information. Appreciate your review and implementation of necessary measures to protect the data.",Billing and Payments,Support
"Respected customer service team, could you provide insights on digital strategies that enhance brand growth in the gaming monitor market? I am looking for effective methods to boost sales and revenue.",Support,Billing and Payments
Incorrect forecasts happened because of problems with the data feed.,Billing and Payments,Support
The data breach resulted in the exposure of sensitive medical records because of outdated SAP ERP security patches.,Billing and Payments,Support
"There has been an unauthorized access to medical data, which is likely due to insufficient security measures.",Billing and Payments,Support
"Hello customer support, I am writing to seek information on the best security practices for safeguarding medical data within hospital IT environments. Given the sensitive and confidential nature of this data, it is essential to implement strong protection measures. Could you provide details on the steps hospitals should take to prevent unauthorized access and potential data breaches? Furthermore, are there any specific guidelines or standards that hospitals must adhere to in this regard? I would greatly appreciate your support and look forward to your detailed response.",Support,Billing and Payments
